WordSequence,Predicate,StartOfDialogueAgent,EndOfDialogueAgent,StartOfDialogue,EndOfDialogue
"['?府尹', '?', ':', '「', '??', '?容', '」']",1,0,0,3,6
"['?府尹', '?道', ':', '「', '??', '?容', '」']",1,0,0,3,6
"['?七安', '?', ':', '「', '??', '?容', '」']",1,0,0,3,6
"['吏?', '?', ':', '「', '??', '?容', '」']",1,0,0,3,6
"['吏?', '?', ':', '「', '??', '?容', '」']",1,0,0,3,6
"['?七安', '?', ':', '「', '??', '?容', '」']",1,0,0,3,6
"['王捕?', '?', ':', '「', '??', '?容', '」']",1,0,0,3,6
"['?七安', '?', ':', '「', '??', '?容', '」']",1,0,0,3,6
"['?七安', '?探道', ':', '「', '??', '?容', '」']",1,0,0,3,6
"['?平志', '?', ':', '「', '??', '?容', '」']",1,0,0,3,6
"['?二叔', '?', ':', '「', '??', '?容', '」']",1,0,0,3,6
"['?新年', '?道', ':', '「', '??', '?容', '」']",1,0,0,3,6
"['?七安', '敷衍道', ':', '「', '??', '?容', '」']",1,0,0,3,6
"['王捕?', '?', ':', '「', '??', '?容', '」']",1,0,0,3,6
"['宋卿', '?道', ':', '「', '??', '?容', '」']",1,0,0,3,6
"['褚采薇', '道', ':', '「', '??', '?容', '」']",1,0,0,3,6
"['?新年', '?', ':', '「', '??', '?容', '」']",1,0,0,3,6
"['?七安', '?', ':', '「', '??', '?容', '」']",1,0,0,3,6
"['?新年', '?', ':', '「', '??', '?容', '」']",1,0,0,3,6
"['他', '提?', '道', ':', '「', '??', '?容', '」']",1,0,0,4,7
"['?慎', '?', ':', '「', '??', '?容', '」']",1,0,0,3,6
"['?慎', '?', ':', '「', '??', '?容', '」']",1,0,0,3,6
"['他', '?道', ':', '「', '??', '?容', '」']",1,0,0,3,6
"['?七安', '?', ':', '「', '??', '?容', '」']",1,0,0,3,6
"['?七安沉?', '道', ':', '「', '??', '?容', '」']",1,0,0,3,6
"['?七安', '?', ':', '「', '??', '?容', '」']",1,0,0,3,6
"['?七安', '?', ':', '「', '??', '?容', '」']",1,0,0,3,6
"['正妻沉?', '道', ':', '「', '??', '?容', '」']",1,0,0,3,6
"['?玲月', '道', ':', '「', '??', '?容', '」']",1,0,0,3,6
"['李玉春沉?', '道', ':', '「', '??', '?容', '」']",1,0,0,3,6
"['宋廷?', '?', ':', '「', '??', '?容', '」']",1,0,0,3,6
"['他', '?', ':', '「', '??', '?容', '」']",1,0,0,3,6
"['??', '?道', ':', '「', '??', '?容', '」']",1,0,0,3,6
"['李玉春', '?', ':', '「', '??', '?容', '」']",1,0,0,3,6
"['宋卿', '?', ':', '「', '??', '?容', '」']",1,0,0,3,6
"['宋廷?', '?', ':', '「', '??', '?容', '」']",1,0,0,3,6
"['?七安', '?道', ':', '「', '??', '?容', '」']",1,0,0,3,6
"['宋廷?', '?', ':', '「', '??', '?容', '」']",1,0,0,3,6
"['宋廷?', '?', ':', '「', '??', '?容', '」']",1,0,0,3,6
"['李宇春', '道', ':', '「', '??', '?容', '」']",1,0,0,3,6
"['李玉春', '道', ':', '「', '??', '?容', '」']",1,0,0,3,6
"['宋廷?急切', '道', ':', '「', '??', '?容', '」']",1,0,0,3,6
"['宋廷?', '?', ':', '「', '??', '?容', '」']",1,0,0,3,6
"['魏?', '喝道', ':', '「', '??', '?容', '」']",1,0,0,3,6
"['姜金?沉?', '道', ':', '「', '??', '?容', '」']",1,0,0,3,6
"['?七安', '?', ':', '「', '??', '?容', '」']",1,0,0,3,6
"['?七安', '?', ':', '「', '??', '?容', '」']",1,0,0,3,6
"['魏?', '?道', ':', '「', '??', '?容', '」']",1,0,0,3,6
"['魏?', '?', ':', '「', '??', '?容', '」']",1,0,0,3,6
"['?正', '?', ':', '「', '??', '?容', '」']",1,0,0,3,6
"['宋廷?', '?', ':', '「', '??', '?容', '」']",1,0,0,3,6
"['?七安', '?', ':', '「', '??', '?容', '」']",1,0,0,3,6
"['??沉?', '道', ':', '「', '??', '?容', '」']",1,0,0,3,6
"['南?倩柔', '?道', ':', '「', '??', '?容', '」']",1,0,0,3,6
"['?七安', '?探道', ':', '「', '??', '?容', '」']",1,0,0,3,6
"['身后', '有人', '?', ':', '「', '??', '?容', '」']",1,0,0,4,7
"['他', '?', ':', '「', '??', '?容', '」']",1,0,0,3,6
"['朱?孝沉?', '道', ':', '「', '??', '?容', '」']",1,0,0,3,6
"['李玉春', '?道', ':', '「', '??', '?容', '」']",1,0,0,3,6
"['?卒', '喝道', ':', '「', '??', '?容', '」']",1,0,0,3,6
"['?新年', '?', ':', '「', '??', '?容', '」']",1,0,0,3,6
"['??', '?', ':', '「', '??', '?容', '」']",1,0,0,3,6
"['孩子', '?', ':', '「', '??', '?容', '」']",1,0,0,3,6
"['?七安', '?', ':', '「', '??', '?容', '」']",1,0,0,3,6
"['?七安', '?探道', ':', '「', '??', '?容', '」']",1,0,0,3,6
"['?山', '?道', ':', '「', '??', '?容', '」']",1,0,0,3,6
"['?青', '?', ':', '「', '??', '?容', '」']",1,0,0,3,6
"['褚采薇', '?', ':', '「', '??', '?容', '」']",1,0,0,3,6
"['李宇春沉?', '道', ':', '「', '??', '?容', '」']",1,0,0,3,6
"['?七安', '?', ':', '「', '??', '?容', '」']",1,0,0,3,6
"['侍??', '?', ':', '「', '??', '?容', '」']",1,0,0,3,6
"['李玉春', '道', ':', '「', '??', '?容', '」']",1,0,0,3,6
"['?七安', '?', ':', '「', '??', '?容', '」']",1,0,0,3,6
"['?七安', '?道', ':', '「', '??', '?容', '」']",1,0,0,3,6
"['?七安?慰', '道', ':', '「', '??', '?容', '」']",1,0,0,3,6
"['元景帝', '喝道', ':', '「', '??', '?容', '」']",1,0,0,3,6
"['?七安', '?探道', ':', '「', '??', '?容', '」']",1,0,0,3,6
"['李玉春', '?道', ':', '「', '??', '?容', '」']",1,0,0,3,6
"['?七安', '?', ':', '「', '??', '?容', '」']",1,0,0,3,6
"['?七安沉?', '道', ':', '「', '??', '?容', '」']",1,0,0,3,6
"['?七安', '?', ':', '「', '??', '?容', '」']",1,0,0,3,6
"['?七安沉?', '道', ':', '「', '??', '?容', '」']",1,0,0,3,6
"['金?道?', '?', ':', '「', '??', '?容', '」']",1,0,0,3,6
"['姜律中沉?', '道', ':', '「', '??', '?容', '」']",1,0,0,3,6
"['?二叔', '?', ':', '「', '??', '?容', '」']",1,0,0,3,6
"['褚采薇', '?', ':', '「', '??', '?容', '」']",1,0,0,3,6
"['姜律中', '道', ':', '「', '??', '?容', '」']",1,0,0,3,6
"['她', '?', ':', '「', '??', '?容', '」']",1,0,0,3,6
"['?七安', '?道', ':', '「', '??', '?容', '」']",1,0,0,3,6
"['?七安沉?', '道', ':', '「', '??', '?容', '」']",1,0,0,3,6
"['?尚?', '?', ':', '「', '??', '?容', '」']",1,0,0,3,6
"['白衣男子', '?', ':', '「', '??', '?容', '」']",1,0,0,3,6
"['姜律中', '?', ':', '「', '??', '?容', '」']",1,0,0,3,6
"['魏??和', '道', ':', '「', '??', '?容', '」']",1,0,0,3,6
"['?尚?', '?', ':', '「', '??', '?容', '」']",1,0,0,3,6
"['宋廷?', '?', ':', '「', '??', '?容', '」']",1,0,0,3,6
"['?七安', '??', ':', '「', '??', '?容', '」']",1,0,0,3,6
"['浮香柔?', '道', ':', '「', '??', '?容', '」']",1,0,0,3,6
"['花魁?', '猜?', '道', ':', '「', '??', '?容', '」']",1,0,0,4,7
"['小青衣', '?', ':', '「', '??', '?容', '」']",1,0,0,3,6
"['她', '?', ':', '「', '??', '?容', '」']",1,0,0,3,6
"['?七安', '?', ':', '「', '??', '?容', '」']",1,0,0,3,6
"['浮香??', '?', ':', '「', '??', '?容', '」']",1,0,0,3,6
"['睄z', '?', ':', '「', '??', '?容', '」']",1,0,0,3,6
"['姜律中沉?', '道', ':', '「', '??', '?容', '」']",1,0,0,3,6
"['姜律中沉?', '道', ':', '「', '??', '?容', '」']",1,0,0,3,6
"['?', '?', ':', '「', '??', '?容', '」']",1,0,0,3,6
"['?七安', '?道', ':', '「', '??', '?容', '」']",1,0,0,3,6
"['?七安', '?', ':', '「', '??', '?容', '」']",1,0,0,3,6
"['宋卿', '?', ':', '「', '??', '?容', '」']",1,0,0,3,6
"['元景帝', '道', ':', '「', '??', '?容', '」']",1,0,0,3,6
"['魏?', '?', ':', '「', '??', '?容', '」']",1,0,0,3,6
"['?七安', '?', ':', '「', '??', '?容', '」']",1,0,0,3,6
"['?七安', '?', ':', '「', '??', '?容', '」']",1,0,0,3,6
"['姜律中', '?', ':', '「', '??', '?容', '」']",1,0,0,3,6
"['丫鬟', '?', ':', '「', '??', '?容', '」']",1,0,0,3,6
"['褚采薇', '?', ':', '「', '??', '?容', '」']",1,0,0,3,6
"['南?倩柔', '?道', ':', '「', '??', '?容', '」']",1,0,0,3,6
"['?七安', '?', ':', '「', '??', '?容', '」']",1,0,0,3,6
"['?七安', '?', ':', '「', '??', '?容', '」']",1,0,0,3,6
"['?七安', '?', ':', '「', '??', '?容', '」']",1,0,0,3,6
"['?七安沉?', '道', ':', '「', '??', '?容', '」']",1,0,0,3,6
"['褚采薇', '?', ':', '「', '??', '?容', '」']",1,0,0,3,6
"['?七安', '?道', ':', '「', '??', '?容', '」']",1,0,0,3,6
"['官?', '?', ':', '「', '??', '?容', '」']",1,0,0,3,6
"['?七安沉?', '道', ':', '「', '??', '?容', '」']",1,0,0,3,6
"['老??', '?', ':', '「', '??', '?容', '」']",1,0,0,3,6
"['?七安', '?', ':', '「', '??', '?容', '」']",1,0,0,3,6
"['魏??和', '道', ':', '「', '??', '?容', '」']",1,0,0,3,6
"['?平志意外', '道', ':', '「', '??', '?容', '」']",1,0,0,3,6
"['?七安?慰', '道', ':', '「', '??', '?容', '」']",1,0,0,3,6
"['?金??', '?', ':', '「', '??', '?容', '」']",1,0,0,3,6
"['?公主', '?道', ':', '「', '??', '?容', '」']",1,0,0,3,6
"['褚采薇', '道', ':', '「', '??', '?容', '」']",1,0,0,3,6
"['怀?公主', '?道', ':', '「', '??', '?容', '」']",1,0,0,3,6
"['?七安', '?', ':', '「', '??', '?容', '」']",1,0,0,3,6
"['褚采薇', '?', ':', '「', '??', '?容', '」']",1,0,0,3,6
"['?七安', '?道', ':', '「', '??', '?容', '」']",1,0,0,3,6
"['?七安沉?', '道', ':', '「', '??', '?容', '」']",1,0,0,3,6
"['?七安心', '?', ':', '「', '??', '?容', '」']",1,0,0,3,6
"['怀?', '?', ':', '「', '??', '?容', '」']",1,0,0,3,6
"['魏??和', '道', ':', '「', '??', '?容', '」']",1,0,0,3,6
"['怀?公主', '?道', ':', '「', '??', '?容', '」']",1,0,0,3,6
"['?七安', '?', ':', '「', '??', '?容', '」']",1,0,0,3,6
"['?七安', '?', ':', '「', '??', '?容', '」']",1,0,0,3,6
"['?七安冷不丁的', '?道', ':', '「', '??', '?容', '」']",1,0,0,3,6
"['?七安沉?', '道', ':', '「', '??', '?容', '」']",1,0,0,3,6
"['?七安安慰', '道', ':', '「', '??', '?容', '」']",1,0,0,3,6
"['??', '?道', ':', '「', '??', '?容', '」']",1,0,0,3,6
"['宋廷?', '?价', '道', ':', '「', '??', '?容', '」']",1,0,0,4,7
"['?七安沉?', '道', ':', '「', '??', '?容', '」']",1,0,0,3,6
"['?腮胡?子', '?', ':', '「', '??', '?容', '」']",1,0,0,3,6
"['姜律中', '道', ':', '「', '??', '?容', '」']",1,0,0,3,6
"['丫鬟', '?', ':', '「', '??', '?容', '」']",1,0,0,3,6
"['?七安', '?', ':', '「', '??', '?容', '」']",1,0,0,3,6
"['?七安', '解?', '道', ':', '「', '??', '?容', '」']",2,0,0,4,7
"['?七安倒背如流', ',', '道', ':', '「', '??', '?容', '」']",2,0,0,4,7
"['?七安?扭极了', ',', '道', ':', '「', '??', '?容', '」']",2,0,0,4,7
"['?娥', '??', '道', ':', '「', '??', '?容', '」']",2,0,0,4,7
"['?七安?', ',', '道', ':', '「', '??', '?容', '」']",2,0,0,4,7
"['?衙役一愣', ',', '道', ':', '「', '??', '?容', '」']",2,0,0,4,7
"['王捕??眉', ',', '道', ':', '「', '??', '?容', '」']",2,0,0,4,7
"['?七安', '低?', '道', ':', '「', '??', '?容', '」']",2,0,0,1,1
"['?七安面?表情', ',', '道', ':', '「', '??', '?容', '」']",2,0,0,4,7
"['?七安?', ',', '道', ':', '「', '??', '?容', '」']",2,0,0,4,7
"['?七安?', ',', '道', ':', '「', '??', '?容', '」']",2,0,0,4,7
"['?七安???', ',', '道', ':', '「', '??', '?容', '」']",2,0,0,4,7
"['?衣公子', '??', '道', ':', '「', '??', '?容', '」']",2,0,0,1,1
"['?平志大急', ',', '道', ':', '「', '??', '?容', '」']",2,0,0,4,7
"['王捕?落荒而逃', ',', '道', ':', '「', '??', '?容', '」']",2,0,0,4,7
"['?七安???', ',', '道', ':', '「', '??', '?容', '」']",2,0,0,4,7
"['?娥', '嘀咕', '道', ':', '「', '??', '?容', '」']",2,0,0,1,1
"['?七安', '惋惜', '道', ':', '「', '??', '?容', '」']",2,0,0,1,1
"['?玲月', '羞?', '道', ':', '「', '??', '?容', '」']",2,0,0,1,1
"['?七安', '斟酌', '道', ':', '「', '??', '?容', '」']",2,0,0,4,7
"['?守', '?息', '道', ':', '「', '??', '?容', '」']",2,0,0,4,7
"['?二叔', '?奈', '道', ':', '「', '??', '?容', '」']",2,0,0,1,1
"['?七安心里嘀咕', ',', '道', ':', '「', '??', '?容', '」']",2,0,0,4,7
"['?七安???', ',', '道', ':', '「', '??', '?容', '」']",2,0,0,4,7
"['?七安?', ',', '道', ':', '「', '??', '?容', '」']",2,0,0,4,7
"['?二叔', '沉?', '道', ':', '「', '??', '?容', '」']",2,0,0,1,1
"['宋廷?', '又', '?', ',', '道', ':', '「', '??', '?容', '」']",2,0,0,1,1
"['?七安心里嘀咕', ',', '道', ':', '「', '??', '?容', '」']",2,0,0,4,7
"['?七安', '感慨', '道', ':', '「', '??', '?容', '」']",2,0,0,1,1
"['?七安', '感慨', '道', ':', '「', '??', '?容', '」']",2,0,0,1,1
"['?七安???', ',', '道', ':', '「', '??', '?容', '」']",2,0,0,4,7
"['?七安?', ',', '道', ':', '「', '??', '?容', '」']",2,0,0,4,7
"['宋廷?', '小?', '道', ':', '「', '??', '?容', '」']",2,0,0,1,1
"['?七安', '提?', '道', ':', '「', '??', '?容', '」']",2,0,0,4,7
"['?七安', '大?', '?', ':', '「', '??', '?容', '」']",2,0,0,1,1
"['陶?如?相告', ',', '道', ':', '「', '??', '?容', '」']",2,0,0,4,7
"['南?倩柔不信', ',', '道', ':', '「', '??', '?容', '」']",2,0,0,4,7
"['?七安', '?异', '道', ':', '「', '??', '?容', '」']",2,0,0,1,1
"['褚采薇', '?疑', '道', ':', '「', '??', '?容', '」']",2,0,0,4,7
"['?七安', '?笑', '道', ':', '「', '??', '?容', '」']",2,0,0,4,7
"['魏?恭敬行?', ',', '道', ':', '「', '??', '?容', '」']",2,0,0,4,7
"['?七安', '低?', '?', ':', '「', '??', '?容', '」']",2,0,0,1,1
"['?七安撇嘴', ',', '道', ':', '「', '??', '?容', '」']",2,0,0,4,7
"['?七安?', ',', '道', ':', '「', '??', '?容', '」']",2,0,0,4,7
"['?七安?', ',', '道', ':', '「', '??', '?容', '」']",2,0,0,4,7
"['浮香', '懊悔', '道', ':', '「', '??', '?容', '」']",2,0,0,4,7
"['?七安', '愧疚', '道', ':', '「', '??', '?容', '」']",2,0,0,1,1
"['李玉春', '告?', '道', ':', '「', '??', '?容', '」']",2,0,0,4,7
"['魏???手', ',', '道', ':', '「', '??', '?容', '」']",2,0,0,4,7
"['?七安', '吩咐', '道', ':', '「', '??', '?容', '」']",2,0,0,4,7
"['?七安眉毛倒?', ',', '道', ':', '「', '??', '?容', '」']",2,0,0,4,7
"['他', '大吼', '道', ':', '「', '??', '?容', '」']",2,0,0,1,1
"['?七安???', ',', '道', ':', '「', '??', '?容', '」']",2,0,0,4,7
"['元景帝', '沉?', '道', ':', '「', '??', '?容', '」']",2,0,0,1,1
"['?七安?', ',', '道', ':', '「', '??', '?容', '」']",2,0,0,4,7
"['褚采薇', '得意洋洋的', '?', ':', '「', '??', '?容', '」']",2,0,0,1,1
"['魏?', '?息', '道', ':', '「', '??', '?容', '」']",2,0,0,4,7
"['?府尹', '沉?', '道', ':', '「', '??', '?容', '」']",2,0,0,1,1
"['?公主', '?即', '?道', ':', '「', '??', '?容', '」']",2,0,0,1,1
"['?七安', '??', '道', ':', '「', '??', '?容', '」']",2,0,0,1,1
"['?七安', '??', '道', ':', '「', '??', '?容', '」']",2,0,0,1,1
"['?七安皮笑肉不笑', ',', '道', ':', '「', '??', '?容', '」']",2,0,0,4,7
"['?七安', '黯淡', '道', ':', '「', '??', '?容', '」']",2,0,0,1,1
"['??方丈?口气', ',', '道', ':', '「', '??', '?容', '」']",2,0,0,4,7
"['?七安', '提醒', '道', ':', '「', '??', '?容', '」']",2,0,0,4,7
"['?七安', '?息', '道', ':', '「', '??', '?容', '」']",2,0,0,4,7
"['?七安', '?奈', '道', ':', '「', '??', '?容', '」']",2,0,0,1,1
"['?七安躬身抱拳', ',', '道', ':', '「', '??', '?容', '」']",2,0,0,4,7
"['?七安', '吩咐', '道', ':', '「', '??', '?容', '」']",2,0,0,4,7
"['?玲月', '惊呼', '道', ':', '「', '??', '?容', '」']",2,0,0,4,7
"['?二叔', '茫然', '?道', ':', '「', '??', '?容', '」']",2,0,0,1,1
"['?七安', '哼哼', '道', ':', '「', '??', '?容', '」']",2,0,0,1,1
"['?七安??肩', ',', '道', ':', '「', '??', '?容', '」']",2,0,0,4,7
"['?七安', '??', '道', ':', '「', '??', '?容', '」']",2,0,0,1,1
"['?七安??肩', ',', '道', ':', '「', '??', '?容', '」']",2,0,0,4,7
"['?七安', '戒?', '道', ':', '「', '??', '?容', '」']",2,0,0,4,7
"['黑?', '解?', '道', ':', '「', '??', '?容', '」']",2,0,0,4,7
"['橘?口吐人言', ',', '道', ':', '「', '??', '?容', '」']",2,0,0,4,7
"['橘?', '解?', '道', ':', '「', '??', '?容', '」']",2,0,0,4,7
"['女人', '??', '道', ':', '「', '??', '?容', '」']",2,0,0,1,1
"['姜律中', '再', '?', ',', '道', ':', '「', '??', '?容', '」']",2,0,0,1,1
"['?七安', '感慨', '道', ':', '「', '??', '?容', '」']",2,0,0,1,1
"['白衣', '?士', '?', ':', '「', '??', '?容', '」']",2,0,1,4,7
"['?七安', '?愧', '道', ':', '「', '??', '?容', '」']",2,0,0,1,1
"['?七安心?神?', ',', '道', ':', '「', '??', '?容', '」']",2,0,0,4,7
"['?易??', ',', '道', ':', '「', '??', '?容', '」']",2,0,0,4,7
"['丫鬟', '?笑', '道', ':', '「', '??', '?容', '」']",2,0,0,4,7
"['?七安', '疑惑', '道', ':', '「', '??', '?容', '」']",2,0,0,4,7
"['?千幻', '忽然', '?', ':', '「', '??', '?容', '」']",2,0,0,1,1
"['?七安??肩', ',', '道', ':', '「', '??', '?容', '」']",2,0,0,4,7
"['橘?', '催促', '道', ':', '「', '??', '?容', '」']",2,0,0,4,7
"['?七安', '低?', '道', ':', '「', '??', '?容', '」']",2,0,0,1,1
"['?七安', '?异', '道', ':', '「', '??', '?容', '」']",2,0,0,1,1
"['?七安', '?奈', '道', ':', '「', '??', '?容', '」']",2,0,0,1,1
"['?', '低?', '?', ':', '「', '??', '?容', '」']",2,0,0,1,1
"['?千幻', ',', '道', ':', '「', '??', '?容', '」']",2,0,0,4,7
"['?七安', '疑惑', '道', ':', '「', '??', '?容', '」']",2,0,0,4,7
"['宋廷?迎上去', ',', '道', ':', '「', '??', '?容', '」']",2,0,0,4,7
"['?七安?', ',', '道', ':', '「', '??', '?容', '」']",2,0,0,4,7
"['?七安', '?愧', '道', ':', '「', '??', '?容', '」']",2,0,0,1,1
"['褚采薇', '吐槽', '道', ':', '「', '??', '?容', '」']",2,0,0,4,7
"['??泰', '解?', '道', ':', '「', '??', '?容', '」']",2,0,0,4,7
"['?七安大惊', ',', '道', ':', '「', '??', '?容', '」']",2,0,0,4,7
"['那位', '金?', '?', ':', '「', '??', '?容', '」']",2,0,1,4,7
"['官?', '低?', '?', ':', '「', '??', '?容', '」']",2,0,0,1,1
"['?尚?', '沉?', '道', ':', '「', '??', '?容', '」']",2,0,0,1,1
"['?七安躬身作揖', ',', '道', ':', '「', '??', '?容', '」']",2,0,0,4,7
"['??音不服', ',', '道', ':', '「', '??', '?容', '」']",2,0,0,4,7
"['??', '回答', '?', ':', '「', '??', '?容', '」']",2,0,0,4,7
"['?七安?', ',', '道', ':', '「', '??', '?容', '」']",2,0,0,4,7
"['那', '??', '?', ':', '「', '??', '?容', '」']",2,0,1,4,7
"['浮香', '幽怨', '道', ':', '「', '??', '?容', '」']",2,0,1,4,7
"['?七安', '?即', '?道', ':', '「', '??', '?容', '」']",2,0,0,1,1
"['?七安', '低?', '?', ':', '「', '??', '?容', '」']",2,0,0,1,1
"['侍?欲言又止', ',', '道', ':', '「', '??', '?容', '」']",2,0,0,4,7
"['侍?', '解?', '道', ':', '「', '??', '?容', '」']",2,0,0,4,7
"['?七安?言以?', ',', '道', ':', '「', '??', '?容', '」']",2,0,0,4,7
"['姜律中', '?异', '道', ':', '「', '??', '?容', '」']",2,0,0,1,1
"['姜律中', '感慨', '道', ':', '「', '??', '?容', '」']",2,0,0,4,7
"['?七安?眉', ',', '道', ':', '「', '??', '?容', '」']",2,0,0,4,7
"['?七安', '立刻', '?', ':', '「', '??', '?容', '」']",2,0,0,1,1
"['?七安', '疑惑', '道', ':', '「', '??', '?容', '」']",2,0,0,4,7
"['?七安', '解?', '道', ':', '「', '??', '?容', '」']",2,0,0,4,7
"['姜律中?', ',', '道', ':', '「', '??', '?容', '」']",2,0,0,4,7
"['姜律中', '?和', '道', ':', '「', '??', '?容', '」']",2,0,0,1,1
"['?七安???', ',', '道', ':', '「', '??', '?容', '」']",2,0,0,4,7
"['宋廷?', '?正', '道', ':', '「', '??', '?容', '」']",2,0,0,4,7
"['紫?', '居士', '道', ':', '「', '??', '?容', '」']",2,0,1,4,7
"['?七安', '?地有?', ',', '道', ':', '「', '??', '?容', '」']",3,0,0,5,8
"['?七安', '??', ',', '道', ':', '「', '??', '?容', '」']",3,0,0,5,8
"['吏?', '回答', ',', '道', ':', '「', '??', '?容', '」']",3,0,0,5,8
"['李茹', '喜极而泣', ',', '道', ':', '「', '??', '?容', '」']",3,0,0,5,8
"['?七安漫不?心', '的?', ',', '道', ':', '「', '??', '?容', '」']",3,0,0,5,8
"['?七安', '直截了?', ',', '道', ':', '「', '??', '?容', '」']",3,0,0,5,8
"['朱?令笑', '了', ',', '道', ':', '「', '??', '?容', '」']",3,0,0,5,8
"['王捕?下意?', '的?', ',', '道', ':', '「', '??', '?容', '」']",3,0,1,5,8
"['?七安', '故意', '?么', '?', ':', '「', '??', '?容', '」']",3,0,0,1,1
"['王捕?', '拒?', ',', '道', ':', '「', '??', '?容', '」']",3,0,0,5,8
"['?七安', '低?自?', ',', '道', ':', '「', '??', '?容', '」']",3,0,0,5,8
"['?七安笑出?', '了', ',', '道', ':', '「', '??', '?容', '」']",3,0,0,5,8
"['?七安', '?机一?', ',', '道', ':', '「', '??', '?容', '」']",3,0,0,5,8
"['?七安', '回答', ',', '道', ':', '「', '??', '?容', '」']",3,0,0,5,8
"['?衣公子', '大喜?望', ',', '道', ':', '「', '??', '?容', '」']",3,0,0,5,8
"['宋卿', '低?自?', ',', '道', ':', '「', '??', '?容', '」']",3,0,0,5,8
"['李慕白', '大怒', ',', '道', ':', '「', '??', '?容', '」']",3,0,0,5,8
"['周公子惊的', '??后退', ',', '道', ':', '「', '??', '?容', '」']",3,0,0,5,8
"['?二郎', '拂袖而去', ',', '道', ':', '「', '??', '?容', '」']",3,0,0,5,8
"['?七安', '抬?', ',', '道', ':', '「', '??', '?容', '」']",3,0,0,5,8
"['?七安', '侃侃而?', ',', '道', ':', '「', '??', '?容', '」']",3,0,0,5,8
"['李慕白', '??', ',', '道', ':', '「', '??', '?容', '」']",3,0,0,5,8
"['?七安??', '一?', ',', '道', ':', '「', '??', '?容', '」']",3,0,0,5,8
"['?泰和', '?慎一震', ',', '道', ':', '「', '??', '?容', '」']",3,0,1,5,8
"['?七安', '反?', ',', '道', ':', '「', '??', '?容', '」']",3,0,0,5,8
"['?七安', '侃侃而?', ',', '道', ':', '「', '??', '?容', '」']",3,0,0,5,8
"['店家', '咬牙切?', ',', '道', ':', '「', '??', '?容', '」']",3,0,0,5,8
"['?二叔', '?眉', ',', '道', ':', '「', '??', '?容', '」']",3,0,0,5,8
"['?七安', '?息', ',', '道', ':', '「', '??', '?容', '」']",3,0,0,5,8
"['丫鬟', '死死抱住', ',', '道', ':', '「', '??', '?容', '」']",3,0,0,5,8
"['丫鬟', '回答', ',', '道', ':', '「', '??', '?容', '」']",3,0,0,5,8
"['?七安', '吹捧', ',', '道', ':', '「', '??', '?容', '」']",3,0,0,5,8
"['小丫鬟', '?', ',', '道', ':', '「', '??', '?容', '」']",3,0,0,5,8
"['?二叔', '?眉抱怨', ',', '道', ':', '「', '??', '?容', '」']",3,0,0,5,8
"['?玉英', '崩?大哭', ',', '道', ':', '「', '??', '?容', '」']",3,0,0,5,8
"['?七安', '反?', ',', '道', ':', '「', '??', '?容', '」']",3,0,0,5,8
"['李玉春', '只能', '?么', '?', ':', '「', '??', '?容', '」']",3,0,0,1,1
"['魏?', '笑容?和', ',', '道', ':', '「', '??', '?容', '」']",3,0,0,5,8
"['宋卿', '笑', '?', '?', ':', '「', '??', '?容', '」']",3,0,0,1,2
"['宋廷?', '扭?催促', ',', '道', ':', '「', '??', '?容', '」']",3,0,0,5,8
"['李玉春', '反?', ',', '道', ':', '「', '??', '?容', '」']",3,0,0,5,8
"['?人', '大惊', ',', '道', ':', '「', '??', '?容', '」']",3,0,0,5,8
"['李玉春', '?首', ',', '道', ':', '「', '??', '?容', '」']",3,0,0,5,8
"['?七安', '?眉沉思', ',', '道', ':', '「', '??', '?容', '」']",3,0,0,5,8
"['?七安', '?充', ',', '道', ':', '「', '??', '?容', '」']",3,0,0,5,8
"['?七安', '反?', ',', '道', ':', '「', '??', '?容', '」']",3,0,0,5,8
"['?七安', '回答', ',', '道', ':', '「', '??', '?容', '」']",3,0,0,5,8
"['?玲月', '笑?如花', ',', '道', ':', '「', '??', '?容', '」']",3,0,0,5,8
"['吏?', '回答', ',', '道', ':', '「', '??', '?容', '」']",3,0,0,5,8
"['??', '反?', ',', '道', ':', '「', '??', '?容', '」']",3,0,0,5,8
"['?七安', '低?', ',', '道', ':', '「', '??', '?容', '」']",3,0,0,5,8
"['宋廷?', '哈哈大笑', ',', '道', ':', '「', '??', '?容', '」']",3,0,0,5,8
"['姜金?', '不?喜怒', '的', '?', ':', '「', '??', '?容', '」']",3,0,0,1,2
"['?七安', '回?', ',', '道', ':', '「', '??', '?容', '」']",3,0,0,5,8
"['魏?', '??', ',', '道', ':', '「', '??', '?容', '」']",3,0,0,5,8
"['?', '大?', '低?', '道', ':', '「', '??', '?容', '」']",3,0,1,2,2
"['周百?', '?掩惊?', ',', '道', ':', '「', '??', '?容', '」']",3,0,0,5,8
"['?七安', '敷衍回?', ',', '道', ':', '「', '??', '?容', '」']",3,0,0,5,8
"['宋廷?急', '了', ',', '道', ':', '「', '??', '?容', '」']",3,0,0,5,8
"['一', '位', '??', '?', ':', '「', '??', '?容', '」']",3,0,2,5,8
"['?七安', '笑了笑', ',', '道', ':', '「', '??', '?容', '」']",3,0,0,5,8
"['宋廷?', '?色一?', ',', '道', ':', '「', '??', '?容', '」']",3,0,0,5,8
"['宋廷?', '嘴唇干?', ',', '道', ':', '「', '??', '?容', '」']",3,0,0,5,8
"['魏?', '反?', ',', '道', ':', '「', '??', '?容', '」']",3,0,0,5,8
"['?女', '?命', ',', '道', ':', '「', '??', '?容', '」']",3,0,0,5,8
"['侍??', '回复', ',', '道', ':', '「', '??', '?容', '」']",3,0,0,5,8
"['?公主', '言?意?', '的', '?', ':', '「', '??', '?容', '」']",3,0,0,1,2
"['?青', '回答', ',', '道', ':', '「', '??', '?容', '」']",3,0,0,5,8
"['褚采薇', '?', ',', '道', ':', '「', '??', '?容', '」']",3,0,0,5,8
"['?七安', '???山', ',', '道', ':', '「', '??', '?容', '」']",3,0,0,5,8
"['魏?', '?重心?', '的', '?', ':', '「', '??', '?容', '」']",3,0,0,1,2
"['?七安', '???山', ',', '道', ':', '「', '??', '?容', '」']",3,0,0,5,8
"['?府尹', '大惊失色', ',', '道', ':', '「', '??', '?容', '」']",3,0,0,5,8
"['太子', '???', ',', '道', ':', '「', '??', '?容', '」']",3,0,0,5,8
"['?七安', '不卑不亢', '的', '?', ':', '「', '??', '?容', '」']",3,0,0,1,2
"['?七安?', '口气', ',', '道', ':', '「', '??', '?容', '」']",3,0,0,5,8
"['褚采薇?呼一', '?', ',', '道', ':', '「', '??', '?容', '」']",3,0,0,5,8
"['侍??子', '好言好?', '的', '?', ':', '「', '??', '?容', '」']",3,0,0,1,2
"['她', '委屈', '的', '?', ':', '「', '??', '?容', '」']",3,0,0,1,2
"['方丈', '??', ',', '道', ':', '「', '??', '?容', '」']",3,0,0,5,8
"['??方丈', '回答', ',', '道', ':', '「', '??', '?容', '」']",3,0,0,5,8
"['元景帝', '?斥??', ',', '道', ':', '「', '??', '?容', '」']",3,0,0,5,8
"['元景帝', '大喊', ',', '道', ':', '「', '??', '?容', '」']",3,0,0,5,8
"['?七安', '回答', ',', '道', ':', '「', '??', '?容', '」']",3,0,0,5,8
"['太子', '接?', ',', '道', ':', '「', '??', '?容', '」']",3,0,0,5,8
"['??', '唉??气', ',', '道', ':', '「', '??', '?容', '」']",3,0,0,5,8
"['?二叔', '?不在乎', ',', '道', ':', '「', '??', '?容', '」']",3,0,0,5,8
"['?房老?', '喜?', '的', '?', ':', '「', '??', '?容', '」']",3,0,0,1,2
"['?七安', '反?', ',', '道', ':', '「', '??', '?容', '」']",3,0,0,5,8
"['平?伯嫡子', '???口', ',', '道', ':', '「', '??', '?容', '」']",3,0,0,5,8
"['?二叔', '催促', ',', '道', ':', '「', '??', '?容', '」']",3,0,0,5,8
"['?七安', '回答', ',', '道', ':', '「', '??', '?容', '」']",3,0,0,5,8
"['?公公??', '?手', ',', '道', ':', '「', '??', '?容', '」']",3,0,0,5,8
"['?王', '苦笑一?', ',', '道', ':', '「', '??', '?容', '」']",3,0,0,5,8
"['?七安', '大喊', ',', '道', ':', '「', '??', '?容', '」']",3,0,0,5,8
"['橘?', '???', ',', '道', ':', '「', '??', '?容', '」']",3,0,0,5,8
"['?七安', '回答', ',', '道', ':', '「', '??', '?容', '」']",3,0,0,5,8
"['他', '眯?', '眼', '?', ':', '「', '??', '?容', '」']",3,0,0,5,8
"['姜律中', '回答', ',', '道', ':', '「', '??', '?容', '」']",3,0,0,5,8
"['李玉春', '猜?', ',', '道', ':', '「', '??', '?容', '」']",3,0,0,5,8
"['?七安', '抱拳', ',', '道', ':', '「', '??', '?容', '」']",3,0,0,5,8
"['朱?孝', '言?意?', '的', '?', ':', '「', '??', '?容', '」']",3,0,0,1,2
"['浮香', '???', ',', '道', ':', '「', '??', '?容', '」']",3,0,0,5,8
"['李玉春', '一愣', ',', '道', ':', '「', '??', '?容', '」']",3,0,0,5,8
"['魏?', '??身?', ',', '道', ':', '「', '??', '?容', '」']",3,0,0,5,8
"['魏?', '?首', ',', '道', ':', '「', '??', '?容', '」']",3,0,0,5,8
"['??', '??', ',', '道', ':', '「', '??', '?容', '」']",3,0,0,5,8
"['?七安', '招手', ',', '道', ':', '「', '??', '?容', '」']",3,0,0,5,8
"['姜律中', '?眉', ',', '道', ':', '「', '??', '?容', '」']",3,0,0,5,8
"['魏?', '??', ',', '道', ':', '「', '??', '?容', '」']",3,0,0,5,8
"['元景帝', '??手', ',', '道', ':', '「', '??', '?容', '」']",3,0,0,5,8
"['?七安', '回答', ',', '道', ':', '「', '??', '?容', '」']",3,0,0,5,8
"['?七安', '拍?屁', ',', '道', ':', '「', '??', '?容', '」']",3,0,0,5,8
"['?七安', '?真', '的', '?', ':', '「', '??', '?容', '」']",3,0,0,1,2
"['?七安', '不??色', '的', '?道', ':', '「', '??', '?容', '」']",3,0,0,1,2
"['一', '位', '??', '?', ':', '「', '??', '?容', '」']",3,0,2,5,8
"['客人?', '神色大?', ',', '道', ':', '「', '??', '?容', '」']",3,0,0,5,8
"['??泰', '??', ',', '道', ':', '「', '??', '?容', '」']",3,0,0,5,8
"['?尚?', '?手而立', ',', '道', ':', '「', '??', '?容', '」']",3,0,0,5,8
"['官?', '回复', ',', '道', ':', '「', '??', '?容', '」']",3,0,0,5,8
"['??', '生气', '的', '?', ':', '「', '??', '?容', '」']",3,0,0,1,2
"['姜律中', '??', ',', '道', ':', '「', '??', '?容', '」']",3,0,0,5,8
"['?火', '的', '?娘', '?', ':', '「', '??', '?容', '」']",3,0,2,5,8
"['?娘', '激?', '的', '?', ':', '「', '??', '?容', '」']",3,0,0,1,2
"['他', '震惊', '的', '?', ':', '「', '??', '?容', '」']",3,0,0,1,2
"['褚采薇', '茫然', ',', '道', ':', '「', '??', '?容', '」']",3,0,0,1,1
"['?七安', '矜持', '的', '?', ':', '「', '??', '?容', '」']",3,0,0,1,2
"['??', '心系儿子', ',', '道', ':', '「', '??', '?容', '」']",3,0,0,5,8
"['怀?公主', '施?', ',', '道', ':', '「', '??', '?容', '」']",3,0,0,5,8
"['?七安拉住', '他', ',', '道', ':', '「', '??', '?容', '」']",3,0,0,5,8
"['?安', '???', ',', '道', ':', '「', '??', '?容', '」']",3,0,0,5,8
"['?七安', '神?自若', ',', '道', ':', '「', '??', '?容', '」']",3,0,0,5,8
"['?七安', '??', ',', '道', ':', '「', '??', '?容', '」']",3,0,0,5,8
"['姜律中', '一愣', ',', '道', ':', '「', '??', '?容', '」']",3,0,0,5,8
"['姜律中', '解?', ',', '道', ':', '「', '??', '?容', '」']",3,0,0,5,8
"['?二叔', '不甚在意', '的', '?', ':', '「', '??', '?容', '」']",3,0,0,1,2
"['??', '?眉', ',', '道', ':', '「', '??', '?容', '」']",3,0,0,5,8
"['宋廷?', '?眉', ',', '道', ':', '「', '??', '?容', '」']",3,0,0,5,8
"['?七安', '催促', ',', '道', ':', '「', '??', '?容', '」']",3,0,0,5,8
"['宋廷?', '循循善?', ',', '道', ':', '「', '??', '?容', '」']",3,0,0,5,8
"['?七安', '有些', '牙疼', ',', '道', ':', '「', '??', '?容', '」']",4,0,0,6,9
"['?府尹', '心里', '一?', ',', '道', ':', '「', '??', '?容', '」']",4,0,0,6,9
"['?府尹', '惊呆', '了', ',', '道', ':', '「', '??', '?容', '」']",4,0,0,6,9
"['?七安', '急切', '追?', ',', '道', ':', '「', '??', '?容', '」']",4,0,0,6,9
"['?平志', '愣住', '了', ',', '道', ':', '「', '??', '?容', '」']",4,0,0,6,9
"['?七安', '默默', '??', ',', '道', ':', '「', '??', '?容', '」']",4,0,0,6,9
"['??', '?', '口气', ',', '道', ':', '「', '??', '?容', '」']",4,0,0,6,9
"['??diss', '自己', '丈夫', ',', '道', ':', '「', '??', '?容', '」']",4,0,2,6,9
"['一', '位', '白衣?兄', '感慨', '道', ':', '「', '??', '?容', '」']",4,0,2,6,9
"['?七安', '打?', '??', ',', '道', ':', '「', '??', '?容', '」']",4,0,0,6,9
"['?七安', '一?彩虹屁?', '?去', ',', '道', ':', '「', '??', '?容', '」']",4,0,0,6,9
"['?七安', '心里', '一?', ',', '道', ':', '「', '??', '?容', '」']",4,0,0,6,9
"['?七安', '忽然', '?', ',', '道', ':', '「', '??', '?容', '」']",4,0,0,6,9
"['?新年', '?憾', '??', ',', '道', ':', '「', '??', '?容', '」']",4,0,0,6,9
"['?七安松', '了', '口气', ',', '道', ':', '「', '??', '?容', '」']",4,0,0,6,9
"['另', '一', '名', '?卒', '?道', ':', '「', '??', '?容', '」']",4,0,3,6,9
"['周公子', '猖狂', '大笑', ',', '道', ':', '「', '??', '?容', '」']",4,0,0,6,9
"['褚采薇', '吮吸', '指?', ',', '道', ':', '「', '??', '?容', '」']",4,0,0,6,9
"['?七安', '挑', '了挑眉', ',', '道', ':', '「', '??', '?容', '」']",4,0,0,6,9
"['朱?令', '心里', '想?', ',', '道', ':', '「', '??', '?容', '」']",4,0,0,6,9
"['?二叔', '下意?', '的?', ',', '道', ':', '「', '??', '?容', '」']",4,0,0,1,2
"['?主', '一', '看', '就', '知道', ':', '「', '??', '?容', '」']",4,0,0,3,3
"['李慕白', '生气', '了', ',', '道', ':', '「', '??', '?容', '」']",4,0,0,6,9
"['?泰', '微微', '?首', ',', '道', ':', '「', '??', '?容', '」']",4,0,0,6,9
"['李慕白', '和', '?慎勃然大怒', ',', '道', ':', '「', '??', '?容', '」']",4,0,2,6,9
"['?七安', '九十度', '?腰作揖', ',', '道', ':', '「', '??', '?容', '」']",4,0,0,6,9
"['院?', '笑呵呵的', '?茶', ',', '道', ':', '「', '??', '?容', '」']",4,0,0,6,9
"['?七安', '心里', '一?', ',', '道', ':', '「', '??', '?容', '」']",4,0,0,6,9
"['店家', '傻眼', '了', ',', '道', ':', '「', '??', '?容', '」']",4,0,0,6,9
"['?二叔', '有些', '不信', ',', '道', ':', '「', '??', '?容', '」']",4,0,0,6,9
"['?平志', '教?', '儿子', ',', '道', ':', '「', '??', '?容', '」']",4,0,0,6,9
"['?公子', '??', '丫鬟', ',', '道', ':', '「', '??', '?容', '」']",4,0,0,6,9
"['周立', '只能', '承?', ',', '道', ':', '「', '??', '?容', '」']",4,0,0,6,9
"['宋廷?', '??', '邀?', ',', '道', ':', '「', '??', '?容', '」']",4,0,0,6,9
"['李玉春', '?出', '解?', ',', '道', ':', '「', '??', '?容', '」']",4,0,0,6,9
"['?七安', '?', '了?眉', ',', '道', ':', '「', '??', '?容', '」']",4,0,0,6,9
"['?七安', '??', '的?', ',', '道', ':', '「', '??', '?容', '」']",4,0,0,6,9
"['宋廷?', '微微', '震惊', ',', '道', ':', '「', '??', '?容', '」']",4,0,0,6,9
"['?七安?', '了', '一下眉毛', ',', '道', ':', '「', '??', '?容', '」']",4,0,0,6,9
"['?七安', '退出', '春?堂', ',', '道', ':', '「', '??', '?容', '」']",4,0,0,6,9
"['李玉春', '吩咐', '吏?', ',', '道', ':', '「', '??', '?容', '」']",4,0,0,6,9
"['褚采薇', '想起?', '了', ',', '道', ':', '「', '??', '?容', '」']",4,0,0,6,9
"['她', '也', '???', ',', '道', ':', '「', '??', '?容', '」']",4,0,0,1,1
"['?青', '?心', '求教', ',', '道', ':', '「', '??', '?容', '」']",4,0,0,6,9
"['宋廷?', '一口', '拒?', ',', '道', ':', '「', '??', '?容', '」']",4,0,0,6,9
"['宋廷?', '?眉', '告?', ',', '道', ':', '「', '??', '?容', '」']",4,0,0,6,9
"['宋廷?', '茫然', '反?', ',', '道', ':', '「', '??', '?容', '」']",4,0,0,6,9
"['?七安', '同?', '冷笑', ',', '道', ':', '「', '??', '?容', '」']",4,0,0,6,9
"['?七安', '大笑', '?低?', ',', '道', ':', '「', '??', '?容', '」']",4,0,0,6,9
"['南?倩柔想', '?人', '了', ',', '道', ':', '「', '??', '?容', '」']",4,0,0,6,9
"['?七安', '感?', '了', ',', '道', ':', '「', '??', '?容', '」']",4,0,0,6,9
"['老', '吏?', '??', ',', '道', ':', '「', '??', '?容', '」']",4,0,1,6,9
"['?公主', '又', '?', ',', '道', ':', '「', '??', '?容', '」']",4,0,0,6,9
"['元景帝', '捏', '了捏眉心', ',', '道', ':', '「', '??', '?容', '」']",4,0,0,6,9
"['?七安', '炸毛', '了', ',', '道', ':', '「', '??', '?容', '」']",4,0,0,6,9
"['?公公', '?', '了?眉', ',', '道', ':', '「', '??', '?容', '」']",4,0,0,6,9
"['她', '板?', '?', ',', '道', ':', '「', '??', '?容', '」']",4,0,0,6,9
"['褚采薇', '??', '?瓜', ',', '道', ':', '「', '??', '?容', '」']",4,0,0,6,9
"['?府尹', '端起', '茶杯', ',', '道', ':', '「', '??', '?容', '」']",4,0,0,6,9
"['?七安', '?', '了?眉', ',', '道', ':', '「', '??', '?容', '」']",4,0,0,6,9
"['?安', '公主', '挑眉', ',', '道', ':', '「', '??', '?容', '」']",4,0,1,6,9
"['?七安', '?心', '求教', ',', '道', ':', '「', '??', '?容', '」']",4,0,0,6,9
"['?七安', '亮出', '金牌', ',', '道', ':', '「', '??', '?容', '」']",4,0,0,6,9
"['?七安', '凝?', '?方丈', ',', '道', ':', '「', '??', '?容', '」']",4,0,0,6,9
"['?七安', '深吸', '一口气', ',', '道', ':', '「', '??', '?容', '」']",4,0,0,6,9
"['?七安', '退出', '茶室', ',', '道', ':', '「', '??', '?容', '」']",4,0,0,6,9
"['怀?公主', '耐心', '解?', ',', '道', ':', '「', '??', '?容', '」']",4,0,0,6,9
"['?七安', '打算溜', '了', ',', '道', ':', '「', '??', '?容', '」']",4,0,0,6,9
"['魏?', '?气', '?意', '的', '?', ':', '「', '??', '?容', '」']",4,0,0,1,3
"['?七安', '悉心', '?教', ',', '道', ':', '「', '??', '?容', '」']",4,0,0,6,9
"['?七安', '下意?', '的?', ',', '道', ':', '「', '??', '?容', '」']",4,0,0,6,9
"['?七安', '悉心', '?教', ',', '道', ':', '「', '??', '?容', '」']",4,0,0,6,9
"['天?婆婆', '急切', '追?', ',', '道', ':', '「', '??', '?容', '」']",4,0,0,6,9
"['?七安', '??', '?息', ',', '道', ':', '「', '??', '?容', '」']",4,0,0,6,9
"['?七安呆坐', '?', '半天', '?', '?', ':', '「', '??', '?容', '」']",4,0,0,3,3
"['?七安', '?口', '解?', ',', '道', ':', '「', '??', '?容', '」']",4,0,0,6,9
"['?七安', '茫然', '反?', ',', '道', ':', '「', '??', '?容', '」']",4,0,0,6,9
"['?七安', '?气', '?和', ',', '道', ':', '「', '??', '?容', '」']",4,0,0,6,9
"['?七安', '坦然', '回答', ',', '道', ':', '「', '??', '?容', '」']",4,0,0,6,9
"['魏?', '眯', '了眯眼', ',', '道', ':', '「', '??', '?容', '」']",4,0,0,6,9
"['?七安', '一?', '??', '的', '?', ':', '「', '??', '?容', '」']",4,0,0,1,3
"['?王', '有些', '惊?', ',', '道', ':', '「', '??', '?容', '」']",4,0,0,6,9
"['?奉', '目光', '??', ',', '道', ':', '「', '??', '?容', '」']",4,0,0,6,9
"['?七安', '不', '承?', ',', '道', ':', '「', '??', '?容', '」']",4,0,0,6,9
"['?七安??', '的', '建?', ',', '道', ':', '「', '??', '?容', '」']",4,0,1,6,9
"['宋廷?', '很', '坦然', ',', '道', ':', '「', '??', '?容', '」']",4,0,0,6,9
"['?花魁', '焦急', '催促', ',', '道', ':', '「', '??', '?容', '」']",4,0,0,6,9
"['?七安', '故作', '高深', '的', '?', ':', '「', '??', '?容', '」']",4,0,0,2,3
"['睄z嘶?', '的', '?音', ',', '道', ':', '「', '??', '?容', '」']",4,0,2,6,9
"['明?乖?', '的', '回答', ',', '道', ':', '「', '??', '?容', '」']",4,0,0,6,9
"['?七安', '?色', '??', ',', '道', ':', '「', '??', '?容', '」']",4,0,0,6,9
"['?七安', '安慰', '她', ',', '道', ':', '「', '??', '?容', '」']",4,0,0,6,9
"['??音', '害怕', '的?', ',', '道', ':', '「', '??', '?容', '」']",4,0,0,1,2
"['?七安屁??', '的', '跑?', ',', '道', ':', '「', '??', '?容', '」']",4,0,0,6,9
"['?七安', '低?', '喝茶', ',', '道', ':', '「', '??', '?容', '」']",4,0,0,6,9
"['李玉春', '有些', '?豫', ',', '道', ':', '「', '??', '?容', '」']",4,0,0,6,9
"['周赤雄', '痛哭', '起?', ',', '道', ':', '「', '??', '?容', '」']",4,0,0,6,9
"['刑部', '?人', '大慌', ',', '道', ':', '「', '??', '?容', '」']",4,0,1,6,9
"['?七安', '?明', '?意', ',', '道', ':', '「', '??', '?容', '」']",4,0,0,6,9
"['?七安', '?口', '答?', ',', '道', ':', '「', '??', '?容', '」']",4,0,0,6,9
"['南?倩柔酸溜溜', '的', '??', ',', '道', ':', '「', '??', '?容', '」']",4,0,2,6,9
"['?七安', '亮出', '腰牌', ',', '道', ':', '「', '??', '?容', '」']",4,0,0,6,9
"['守?', '很', '硬气', ',', '道', ':', '「', '??', '?容', '」']",4,0,0,6,9
"['?尚?', '另', '?突破口', ',', '道', ':', '「', '??', '?容', '」']",4,0,0,6,9
"['?房', '?忙', '?手', ',', '道', ':', '「', '??', '?容', '」']",4,0,0,6,9
"['沉默寡言', '的', '朱?孝', '突然', '?', ':', '「', '??', '?容', '」']",4,0,2,3,3
"['??', '??', '眉?', ',', '道', ':', '「', '??', '?容', '」']",4,0,0,6,9
"['?七安', '震惊', '了', ',', '道', ':', '「', '??', '?容', '」']",4,0,0,6,9
"['?七安', '默默', '?息', ',', '道', ':', '「', '??', '?容', '」']",4,0,0,6,9
"['?七安', '?即', '溜走', ',', '道', ':', '「', '??', '?容', '」']",4,0,0,6,9
"['?七安', '?色', '??', ',', '道', ':', '「', '??', '?容', '」']",4,0,0,6,9
"['?七安', '不', '理解', ',', '道', ':', '「', '??', '?容', '」']",4,0,0,6,9
"['?七安', '?心', '求教', ',', '道', ':', '「', '??', '?容', '」']",4,0,0,6,9
"['朱?孝', '表?', '疑惑', ',', '道', ':', '「', '??', '?容', '」']",4,0,0,6,9
"['一', '位', '??附和', ',', '道', ':', '「', '??', '?容', '」']",4,0,2,6,9
"['?七安', '提出', '要求', ',', '道', ':', '「', '??', '?容', '」']",4,0,0,6,9
"['?七安', '含笑', '??', ',', '道', ':', '「', '??', '?容', '」']",4,0,0,6,9
"['?七安', '?出', '建?', ',', '道', ':', '「', '??', '?容', '」']",4,0,0,6,9
"['?袖', '半?真', '半嘲?', '的', '?', ':', '「', '??', '?容', '」']",4,0,0,1,3
"['?七安', '提出', '要求', ',', '道', ':', '「', '??', '?容', '」']",4,0,0,6,9
"['?七安', '盯', '?', '他', ',', '道', ':', '「', '??', '?容', '」']",5,0,0,7,10
"['?府尹', '急切', '的', '奔出?堂', ',', '道', ':', '「', '??', '?容', '」']",5,0,0,7,10
"['?七安', '哀?', '一', '?', ',', '道', ':', '「', '??', '?容', '」']",5,0,0,7,10
"['?七安', '嗑', '?', '瓜子', ',', '道', ':', '「', '??', '?容', '」']",5,0,0,7,10
"['?七安', '?', '反?', '??', ',', '道', ':', '「', '??', '?容', '」']",5,0,0,7,10
"['?七安', '低?', '不', '炫耀', ',', '道', ':', '「', '??', '?容', '」']",5,0,0,7,10
"['?七安', '敲', '了敲', '桌子', ',', '道', ':', '「', '??', '?容', '」']",5,0,0,7,10
"['?七安', '擦', '?', '汗', ',', '道', ':', '「', '??', '?容', '」']",5,0,0,7,10
"['朱?令笑呵呵的', '把', '??', '收回袖中', ',', '道', ':', '「', '??', '?容', '」']",5,0,0,7,10
"['老者', '一?', '慈祥', '笑容', ',', '道', ':', '「', '??', '?容', '」']",5,0,0,7,10
"['白衣?弟?', '追', '?', '下?', ',', '道', ':', '「', '??', '?容', '」']",5,0,0,7,10
"['?卒', '嘲?', '的', '笑?', ',', '道', ':', '「', '??', '?容', '」']",5,0,0,7,10
"['?七安', '忽然', '停住', '?步', ',', '道', ':', '「', '??', '?容', '」']",5,0,0,7,10
"['?七安', '已?', '?', '宋卿', '那里', '知道', ':', '「', '??', '?容', '」']",5,0,0,1,1
"['宋卿', '迫切', '的', '追?', ',', '道', ':', '「', '??', '?容', '」']",5,0,0,7,10
"['宋卿', '一下子', '很', '激?', ',', '道', ':', '「', '??', '?容', '」']",5,0,0,7,10
"['宋卿', '激?', '的', '大吼大叫', ',', '道', ':', '「', '??', '?容', '」']",5,0,0,7,10
"['?七安', '欣慰', '的', '想', ',', '道', ':', '「', '??', '?容', '」']",5,0,0,7,10
"['?公主', '目光', '?望', '??', ',', '道', ':', '「', '??', '?容', '」']",5,0,0,7,10
"['?新年', '?傲', '的', '抬起下巴', ',', '道', ':', '「', '??', '?容', '」']",5,0,0,7,10
"['?七安', '敲', '了敲', '柜台', ',', '道', ':', '「', '??', '?容', '」']",5,0,0,7,10
"['年?', '的', '女子', '?斥', ',', '道', ':', '「', '??', '?容', '」']",5,0,2,7,10
"['?七安', '表示', '很', '惊?', ',', '道', ':', '「', '??', '?容', '」']",5,0,0,7,10
"['?七安', '把', '自己', '的', '主意', '?', ':', '「', '??', '?容', '」']",5,0,0,2,4
"['?七安', '半?玩笑', '半', '?真', '的', '?', ':', '「', '??', '?容', '」']",5,0,0,2,4
"['那位', '?色', '??', '的', '??', '?', ':', '「', '??', '?容', '」']",5,0,4,7,10
"['李玉春', '??', '?', '?七安', ',', '道', ':', '「', '??', '?容', '」']",5,0,0,7,10
"['惜字如金', '的', '朱?孝', '?口', ',', '道', ':', '「', '??', '?容', '」']",5,0,2,7,10
"['?七安', '??', '了', '??', ',', '道', ':', '「', '??', '?容', '」']",5,0,0,7,10
"['?七安', '半惊?', '半', '感慨', '的', '?', ':', '「', '??', '?容', '」']",5,0,0,1,4
"['?七安', '比', '他', '更?', ',', '道', ':', '「', '??', '?容', '」']",5,0,0,7,10
"['?七安', '?辜', '的', '表情', ',', '道', ':', '「', '??', '?容', '」']",5,0,3,7,10
"['陶??', '被', '他', '的', '反?', '惊道', ':', '「', '??', '?容', '」']",5,2,4,7,10
"['蓄', '?山羊胡', '的', '老?', '大?', '?', ':', '「', '??', '?容', '」']",5,0,3,4,4
"['?七安', '提出', '??', '邀?', ',', '道', ':', '「', '??', '?容', '」']",5,0,0,7,10
"['南?倩柔', '?于', '等到', '机?', ',', '道', ':', '「', '??', '?容', '」']",5,0,0,7,10
"['魏?', '?息', '一', '?', ',', '道', ':', '「', '??', '?容', '」']",5,0,0,7,10
"['?公主', '加', '了', '把火', ',', '道', ':', '「', '??', '?容', '」']",5,0,0,7,10
"['?七安', '?辜', '的', '表情', ',', '道', ':', '「', '??', '?容', '」']",5,0,3,7,10
"['?七安', '用', '期待', '的', '?气', '?', ':', '「', '??', '?容', '」']",5,0,0,1,4
"['?七安', '微笑', '?', '打招呼', ',', '道', ':', '「', '??', '?容', '」']",5,0,0,7,10
"['姜律中', '把', '自己', '的', '推?', '?', ':', '「', '??', '?容', '」']",5,0,0,7,10
"['?王?奈', '的', '笑', '了', ',', '道', ':', '「', '??', '?容', '」']",5,0,0,7,10
"['守城', '的', '羽林?', '回答', ',', '道', ':', '「', '??', '?容', '」']",5,0,2,7,10
"['橘?', '歪', '了', '歪?', ',', '道', ':', '「', '??', '?容', '」']",5,0,0,7,10
"['黑袍', '男子', '嘶?', '的', '?音', '?道', ':', '「', '??', '?容', '」']",5,0,4,7,10
"['?七安', '笑', '?', '??', ',', '道', ':', '「', '??', '?容', '」']",5,0,0,7,10
"['?七安', '感?', '?方?里', '有?', ',', '道', ':', '「', '??', '?容', '」']",5,0,0,7,10
"['?七安', '一下子', '振?', '起?', ',', '道', ':', '「', '??', '?容', '」']",5,0,0,7,10
"['丫鬟', '吃', '了', '一惊', ',', '道', ':', '「', '??', '?容', '」']",5,0,0,7,10
"['?七安', '不', '太', '相信', ',', '道', ':', '「', '??', '?容', '」']",5,0,0,7,10
"['?千幻', '沉?', '的', '?气', ',', '道', ':', '「', '??', '?容', '」']",5,0,3,7,10
"['?七安', '惊?', '的', '朝外?望', ',', '道', ':', '「', '??', '?容', '」']",5,0,0,7,10
"['姜律中', '笑', '?', '打趣', ',', '道', ':', '「', '??', '?容', '」']",5,0,0,7,10
"['魏?', '平?', '的', '回复', ',', '道', ':', '「', '??', '?容', '」']",5,0,0,7,10
"['褚采薇', '吃', '?', '??蹄子', ',', '道', ':', '「', '??', '?容', '」']",5,0,0,7,10
"['褚采薇', '?', '听', '清楚', ',', '道', ':', '「', '??', '?容', '」']",5,0,0,7,10
"['姜律中', '忽然', '?嘴', '了', ',', '道', ':', '「', '??', '?容', '」']",5,0,0,7,10
"['三', '位', '金?看?', '他', ',', '道', ':', '「', '??', '?容', '」']",5,0,3,7,10
"['洗菜', '的', '?娘', '搭?', ',', '道', ':', '「', '??', '?容', '」']",5,0,2,7,10
"['?娘?', '惊?', '的', '?', ',', '道', ':', '「', '??', '?容', '」']",5,0,0,7,10
"['低?', '擦拭', '佩刀', '的', '?平志', '?', ':', '「', '??', '?容', '」']",5,0,4,7,10
"['老', '吏?', '有些', '害怕', ',', '道', ':', '「', '??', '?容', '」']",5,0,1,7,10
"['褚采薇', '啄', '了', '啄?袋', ',', '道', ':', '「', '??', '?容', '」']",5,0,0,7,10
"['宋卿', '抽', '了', '抽鼻翼', ',', '道', ':', '「', '??', '?容', '」']",5,0,0,7,10
"['?七安', '有些', '?以', '理解', ',', '道', ':', '「', '??', '?容', '」']",5,0,0,7,10
"['??音', '?', '?', '小眉?', ',', '道', ':', '「', '??', '?容', '」']",5,0,0,7,10
"['同?', '不怎么', '?字', '的', '?平志', '?', ':', '「', '??', '?容', '」']",5,0,4,7,10
"['宋廷?', '?持', '要', '?', ',', '道', ':', '「', '??', '?容', '」']",5,0,0,7,10
"['??', '拍', '?', '桌子', ',', '道', ':', '「', '??', '?容', '」']",5,0,0,7,10
"['她', '接?', '又', '低?喃喃', ',', '道', ':', '「', '??', '?容', '」']",5,0,0,7,10
"['?女', '???气', '的', '回答', ',', '道', ':', '「', '??', '?容', '」']",5,0,0,7,10
"['?七安', '表?', '了', '疑惑', ',', '道', ':', '「', '??', '?容', '」']",5,0,0,7,10
"['?巡?', '疑?', '的', '?气', ',', '道', ':', '「', '??', '?容', '」']",5,0,3,7,10
"['?七安', '?', '敢', '打包票', ',', '道', ':', '「', '??', '?容', '」']",5,0,0,7,10
"['?腮胡?子', '一口', '答?', '下?', ',', '道', ':', '「', '??', '?容', '」']",5,0,0,7,10
"['?巡?', '一??', '的', '??', ',', '道', ':', '「', '??', '?容', '」']",5,0,0,7,10
"['?七安', '恨?不成?', '的', '回?', ',', '道', ':', '「', '??', '?容', '」']",5,0,0,7,10
"['?巡?', '?息', '一', '?', ',', '道', ':', '「', '??', '?容', '」']",5,0,0,7,10
"['一', '位', '官?', '下意?', '的', '?', ':', '「', '??', '?容', '」']",5,0,2,3,4
"['?二叔', '怀疑', '自己', '听?', '了', ',', '道', ':', '「', '??', '?容', '」']",6,0,0,8,11
"['?七安', '回?', '吃惊', '的', '同僚?', ',', '道', ':', '「', '??', '?容', '」']",6,0,0,8,11
"['他', '搜刮肚?', '的', '想', '?法', ',', '道', ':', '「', '??', '?容', '」']",6,0,0,8,11
"['?七安', '在', '心里', '告?', '自己', ',', '道', ':', '「', '??', '?容', '」']",6,0,0,8,11
"['?七安', '心里', '?息', '一', '?', ',', '道', ':', '「', '??', '?容', '」']",6,0,0,8,11
"['王捕???咧咧', '的', '?出', '了', '?衙', ',', '道', ':', '「', '??', '?容', '」']",6,0,0,8,11
"['刑部', '?事中', '??', '??', '了', ',', '道', ':', '「', '??', '?容', '」']",6,0,0,8,11
"['李慕白', '笑呵呵的', '?', '?', '山羊?', ',', '道', ':', '「', '??', '?容', '」']",6,0,0,8,11
"['?七安', '有些', '羡慕花里胡哨', '的', '?士', ',', '道', ':', '「', '??', '?容', '」']",6,0,0,1,4
"['?七安', '?手', '把', '?主', '赶走', ',', '道', ':', '「', '??', '?容', '」']",6,0,0,8,11
"['?七安', '捕捉', '到', '了', '???', ',', '道', ':', '「', '??', '?容', '」']",6,0,0,8,11
"['有', '?子', '?', '了', '出?', ',', '道', ':', '「', '??', '?容', '」']",6,1,1,8,11
"['?七安', '把', '目光', '?回', '碑文', ',', '道', ':', '「', '??', '?容', '」']",6,0,0,8,11
"['?七安', '心里', '有', '了', '猜?', ',', '道', ':', '「', '??', '?容', '」']",6,0,0,8,11
"['?二叔', '意外', '的', '看向', '侄儿', ',', '道', ':', '「', '??', '?容', '」']",6,0,0,8,11
"['?平志', '硬??皮', '?', '了', '酒屋', ',', '道', ':', '「', '??', '?容', '」']",6,0,0,8,11
"['?七安', '推', '了', '他', '一下', ',', '道', ':', '「', '??', '?容', '」']",6,0,0,8,11
"['?七安', '?切', '朱?孝', '的', '??', ',', '道', ':', '「', '??', '?容', '」']",6,0,0,8,11
"['?七安', '把', '她', '拉?', '浴桶', ',', '道', ':', '「', '??', '?容', '」']",6,0,0,8,11
"['?七安', '一?', '?口喊', '了', '出?', ',', '道', ':', '「', '??', '?容', '」']",6,0,0,8,11
"['?七安?口', '就', '喊', '出?', '了', ',', '道', ':', '「', '??', '?容', '」']",6,0,0,8,11
"['那位', '??笑?', '招', '了', '招手', ',', '道', ':', '「', '??', '?容', '」']",6,0,1,8,11
"['?公主', '?', '了', '?', '??', ',', '道', ':', '「', '??', '?容', '」']",6,0,0,8,11
"['?七安', '回', '了', '她', '一眼', ',', '道', ':', '「', '??', '?容', '」']",6,0,0,8,11
"['?七安', '看', '了', '眼', '褚采薇', ',', '道', ':', '「', '??', '?容', '」']",6,0,0,8,11
"['?峰', '吐出', '一', '口', '?气', ',', '道', ':', '「', '??', '?容', '」']",6,0,0,8,11
"['?七安', '?异', '二叔', '的', '反?', ',', '道', ':', '「', '??', '?容', '」']",6,0,0,8,11
"['?七安', '??咧咧', '的', '走', '了', ',', '道', ':', '「', '??', '?容', '」']",6,0,0,8,11
"['?卒', '用', '棍子', '敲打', '??', ',', '道', ':', '「', '??', '?容', '」']",6,0,0,8,11
"['年?', '与', '?七安', '差不多', '的', '七皇子', '?道', ':', '「', '??', '?容', '」']",6,0,5,8,11
"['?七安', '把', '香囊', '收到', '怀里', ',', '道', ':', '「', '??', '?容', '」']",6,0,0,8,11
"['?七安', '?予', '肯定', '的', '答复', ',', '道', ':', '「', '??', '?容', '」']",6,0,0,8,11
"['?', '位', '公主', '同?', '出?', ',', '道', ':', '「', '??', '?容', '」']",6,0,2,3,3
"['??', '看', '了', '二叔', '一?', ',', '道', ':', '「', '??', '?容', '」']",6,0,0,8,11
"['?娜拉扯', '一下', '哥哥', '的', '袖子', ',', '道', ':', '「', '??', '?容', '」']",6,0,0,8,11
"['一', '位', '??', '匆匆', '?告', ',', '道', ':', '「', '??', '?容', '」']",6,0,2,8,11
"['?七安', '提出', '自己', '的', '要求', ',', '道', ':', '「', '??', '?容', '」']",6,0,0,8,11
"['明?', '和', '浮香', '失?', '惊呼', ',', '道', ':', '「', '??', '?容', '」']",6,0,2,8,11
"['?公公', '?', '了', '一', '跳', ',', '道', ':', '「', '??', '?容', '」']",6,0,0,8,11
"['?七安', '在', '旁看', '的', '津津有味', ',', '道', ':', '「', '??', '?容', '」']",6,0,0,8,11
"['?七安', '?', '?', '褚采薇', '??', ',', '道', ':', '「', '??', '?容', '」']",6,0,0,8,11
"['一', '位', '????', '的', '?气', ',', '道', ':', '「', '??', '?容', '」']",6,0,4,8,11
"['刑部', '尚?', '冷笑', '?', '??', ',', '道', ':', '「', '??', '?容', '」']",6,0,1,8,11
"['那?', '眯眯眼', '的', '??', '振振有?', ',', '道', ':', '「', '??', '?容', '」']",6,0,3,8,11
"['?七安', '提出', '自己', '的', '要求', ',', '道', ':', '「', '??', '?容', '」']",6,0,0,8,11
"['宋廷?', '踢', '了', '?七安', '一?', ',', '道', ':', '「', '??', '?容', '」']",6,0,0,8,11
"['?七安心情', '??', '?松', '的', '笑?', ',', '道', ':', '「', '??', '?容', '」']",6,0,0,8,11
"['姜律中', '不甚', '在意', '的', '笑?', ',', '道', ':', '「', '??', '?容', '」']",6,0,0,1,3
"['他', '有些', '不确定', '的', '?口', ',', '道', ':', '「', '??', '?容', '」']",6,0,0,8,11
"['?七安任由', '他', '摘', '了', '香囊', ',', '道', ':', '「', '??', '?容', '」']",6,0,1,8,11
"['宋廷?', '和', '朱?孝', '?', '听懂', ',', '道', ':', '「', '??', '?容', '」']",6,0,2,8,11
"['?巡?', '?气', '里', '透?', '?佩', ',', '道', ':', '「', '??', '?容', '」']",6,0,0,8,11
"['?七安', '以', '弟子', '身份', '行?', ',', '道', ':', '「', '??', '?容', '」']",6,0,0,8,11
"['小豆丁', '一', '?', '邀功', '的', '表情', ',', '道', ':', '「', '??', '?容', '」']",7,0,0,9,12
"['?白衣', '?出', '?心', '求教', '的', '姿?', ',', '道', ':', '「', '??', '?容', '」']",7,0,0,9,12
"['?珍珍', '?回', '是', '真的', '?', '听懂', ',', '道', ':', '「', '??', '?容', '」']",7,0,0,9,12
"['王捕?', '吹', '?', '不要?', '的', '牛皮', ',', '道', ':', '「', '??', '?容', '」']",7,0,0,9,12
"['另', '一', '位', '?子', '?与', '??', ',', '道', ':', '「', '??', '?容', '」']",7,0,3,9,12
"['周公子', '指?', '朱?令', '的', '鼻子', '破口大?', ',', '道', ':', '「', '??', '?容', '」']",7,0,0,9,12
"['她', '指', '?', '一', '?', '木?', ',', '道', ':', '「', '??', '?容', '」']",7,0,0,9,12
"['?七安?不?心不跳', '的', '把', '?', '甩?', '大眼美人', ',', '道', ':', '「', '??', '?容', '」']",7,0,0,9,12
"['?七安', '真?', '的', '凝?', '?', '他', ',', '道', ':', '「', '??', '?容', '」']",7,0,0,9,12
"['??', '重复', '?', '?', '句', '?', ',', '道', ':', '「', '??', '?容', '」']",7,0,0,9,12
"['李玉春', '把', '??', '?', '了', '回?', ',', '道', ':', '「', '??', '?容', '」']",7,0,0,9,12
"['里?', '似乎', '很', '畏?', '??', '女捕?', ',', '道', ':', '「', '??', '?容', '」']",7,0,0,9,12
"['富家翁', '打扮', '的', '中年人', '回?', '片刻', ',', '道', ':', '「', '??', '?容', '」']",7,0,3,9,12
"['司天?', '的', '白衣?', '不咸不淡', '的', '回复', ',', '道', ':', '「', '??', '?容', '」']",7,0,2,9,12
"['???', '期待', '的', '看', '?', '他', ',', '道', ':', '「', '??', '?容', '」']",7,0,0,9,12
"['褚采薇', '吃', '了', '一', '?', '糕?', ',', '道', ':', '「', '??', '?容', '」']",7,0,0,9,12
"['宋廷?', '和', '朱?孝', '眼睛', '一', '亮', ',', '道', ':', '「', '??', '?容', '」']",7,0,2,9,12
"['女主人', '把', '孩子', '?', '在', '怀里', ',', '道', ':', '「', '??', '?容', '」']",7,0,0,9,12
"['?青', '在', '心里', '惋惜', '的', '?口气', ',', '道', ':', '「', '??', '?容', '」']",7,0,0,9,12
"['?人', '也', '?不', '太', '清楚', '了', ',', '道', ':', '「', '??', '?容', '」']",7,0,0,9,12
"['?七安?', '不??', '的', '?', '位', '同僚', ',', '道', ':', '「', '??', '?容', '」']",7,0,5,9,12
"['做', '??', '的', '小', '宦官', '?命', ',', '道', ':', '「', '??', '?容', '」']",7,0,4,9,12
"['?七安', '?出', '一?', '暖男', '的', '微笑', ',', '道', ':', '「', '??', '?容', '」']",7,0,0,9,12
"['二', '公主', '惊叫', '?', '砸入', '湖中', ',', '道', ':', '「', '??', '?容', '」']",7,0,1,9,12
"['魏?不', '忘', '?', '他', '灌?', '知?', ',', '道', ':', '「', '??', '?容', '」']",7,0,0,9,12
"['活力四射', '的', '?安', '公主', '?', '了?眉', ',', '道', ':', '「', '??', '?容', '」']",7,0,3,9,12
"['??', '一指?戳', '的', '?玲月', '一?', '踉?', ',', '道', ':', '「', '??', '?容', '」']",7,0,3,9,12
"['天?婆婆', '看', '了', '眼??', '的', '傻姑娘', ',', '道', ':', '「', '??', '?容', '」']",7,0,0,9,12
"['?七安', '正', '愁', '怎么', '回?', '救命之恩', ',', '道', ':', '「', '??', '?容', '」']",7,0,0,9,12
"['始?', '以后背?', '人', '的', '白衣男子', '?异', '的', '?', ':', '「', '??', '?容', '」']",7,0,0,1,4
"['?千幻', '的', '?音', '拔高', '了', '几分', ',', '道', ':', '「', '??', '?容', '」']",7,0,2,9,12
"['魏?', '喝', '了', '一', '口', '茶', ',', '道', ':', '「', '??', '?容', '」']",7,0,0,9,12
"['?七安', '?', '想到', '?方', '如何', '配合', ',', '道', ':', '「', '??', '?容', '」']",7,0,0,9,12
"['?七安', '?量', '用', '平和', '的', '措?', ',', '道', ':', '「', '??', '?容', '」']",7,0,0,1,1
"['屋?', '的', '白衣', '?士', '?', '异口同?', '的', '?', ':', '「', '??', '?容', '」']",7,0,4,5,6
"['?玲月', '?', '一下', '母?', '的', '手臂', ',', '道', ':', '「', '??', '?容', '」']",7,0,0,9,12
"['宋廷?', '斜', '了', '他', '一', '眼', ',', '道', ':', '「', '??', '?容', '」']",7,0,0,9,12
"['?七安', '摸', '了摸', '她', '的', '?袋', ',', '道', ':', '「', '??', '?容', '」']",7,0,0,9,12
"['?玲月', '委屈', '又', '撒?', '的', '?气', ',', '道', ':', '「', '??', '?容', '」']",7,0,0,9,12
"['?巡?', '把', '?子', '接', '了', '下?', ',', '道', ':', '「', '??', '?容', '」']",7,0,0,9,12
"['一', '位', '??', '操作', '的', '白衣?金??', '哀?', ',', '道', ':', '「', '??', '?容', '」']",8,0,5,10,13
"['她', '含糊不清', '的', '叫', '了', '一', '?', ',', '道', ':', '「', '??', '?容', '」']",8,0,0,10,13
"['?新年', '?行', '?', '人生里', '第N', '次', '自省', ',', '道', ':', '「', '??', '?容', '」']",8,0,0,10,13
"['?七安', '?', '自己', '拿手', '的', '??', '入?', ',', '道', ':', '「', '??', '?容', '」']",8,0,0,10,13
"['宋廷?', '拍', '了', '拍', '?七安', '的', '肩膀', ',', '道', ':', '「', '??', '?容', '」']",8,0,0,10,13
"['?二叔', '打消', '了', '教?', '侄儿', '的', '念?', ',', '道', ':', '「', '??', '?容', '」']",8,0,0,10,13
"['?七安', '用', '肘子', '捅', '了', '她', '一下', ',', '道', ':', '「', '??', '?容', '」']",8,0,0,10,13
"['?七安', '差?', '控制', '不住', '自己', '的', '表情', ',', '道', ':', '「', '??', '?容', '」']",8,0,0,10,13
"['?七安', '真?', '的', '凝?', '?', '二', '公主', ',', '道', ':', '「', '??', '?容', '」']",8,0,0,10,13
"['太子', '提起', '了', '下午', '?生', '的', '事', ',', '道', ':', '「', '??', '?容', '」']",8,0,0,10,13
"['??', '翻', '了', '?', '?媚', '的', '白眼', ',', '道', ':', '「', '??', '?容', '」']",8,0,0,10,13
"['魏?', '??', '了', '??', '小??屏退左右', '的', '要求', ',', '道', ':', '「', '??', '?容', '」']",8,0,0,10,13
"['?七安', '?上', '?', '?', '?惑', '的', '笑容', ',', '道', ':', '「', '??', '?容', '」']",8,0,0,10,13
"['四', '位', '金?面?表情', '的', '盯', '?', '他', ',', '道', ':', '「', '??', '?容', '」']",8,0,3,10,13
"['另', '一', '位', '妖冶多情', '的', '花魁', '??媚眼', ',', '道', ':', '「', '??', '?容', '」']",8,0,5,10,13
"['?', '低?', '念?', '了', '一', '句', '法?', ',', '道', ':', '「', '??', '?容', '」']",8,0,0,10,13
"['元景帝', '貌似', '?意', '的', '提', '了', '一嘴', ',', '道', ':', '「', '??', '?容', '」']",8,0,0,10,13
"['几', '位', '花魁', '立刻', '?', '了', '?趣', ',', '道', ':', '「', '??', '?容', '」']",8,0,2,10,13
"['一', '位', '??冷笑', '?', '和', '??', '的', '官?', '?', ':', '「', '??', '?容', '」']",8,0,7,10,13
"['?七安', '把', '??香菇', '倒?', '大缸', '里', '浸泡', ',', '道', ':', '「', '??', '?容', '」']",8,0,0,10,13
"['?七安', '向', '?', '位', '同僚', '?起', '邀?', ',', '道', ':', '「', '??', '?容', '」']",8,0,0,10,13
"['宋卿', '摸', '了', '摸', '褚采薇', '的', '?袋', ',', '道', ':', '「', '??', '?容', '」']",8,0,0,10,13
"['怀?', '听到', '了', '一?', '陌生', '的', '??', ',', '道', ':', '「', '??', '?容', '」']",8,0,0,10,13
"['?巡?', '用力', '拍', '?', '?七安', '的', '肩膀', ',', '道', ':', '「', '??', '?容', '」']",8,0,0,10,13
"['吏?', '?', '之前', '拔下?', '的', '八品', '武官?袍', '奉上', ',', '道', ':', '「', '??', '?容', '」']",9,0,0,11,14
"['?七安', '??', '一?', '踢', '在', '她', '小屁股蛋', '上', ',', '道', ':', '「', '??', '?容', '」']",9,0,0,11,14
"['?七安', '充分', '??', '他', '的', '??', '推理', '能力', ',', '道', ':', '「', '??', '?容', '」']",9,0,0,11,14
"['?', '小姐', '?出', '一', '?', '?望', '的', '哀?', ',', '道', ':', '「', '??', '?容', '」']",9,0,1,11,14
"['李玉春', '?短', '的', '交代', '了', '事情', '的', '??', ',', '道', ':', '「', '??', '?容', '」']",9,0,0,11,14
"['二叔', '爽朗', '的', '笑?', '卡', '在', '喉?', '里', ',', '道', ':', '「', '??', '?容', '」']",9,0,3,11,14
"['?七安', '?', '?', '死者', '走', '了', '一', '圈', ',', '道', ':', '「', '??', '?容', '」']",9,0,0,11,14
"['朱?孝', '揭穿', '了', '多年', '好友', '的', '??', '心思', ',', '道', ':', '「', '??', '?容', '」']",9,0,0,11,14
"['?七安', '??咧咧', '的', '在', '囚服', '上', '擦', '了擦手', ',', '道', ':', '「', '??', '?容', '」']",9,0,0,1,2
"['?公公', '?', '袖子', '里', '取出', '一', '本', '薄薄的?子', ',', '道', ':', '「', '??', '?容', '」']",9,0,0,11,14
"['?七安', '猜?', '?方', '是', '?正', '的', '某位', '弟子', ',', '道', ':', '「', '??', '?容', '」']",9,0,0,11,14
"['?七安', '把', '怀里', '的', '名?', '拍', '在', '桌上', ',', '道', ':', '「', '??', '?容', '」']",9,0,0,11,14
"['宋廷?', '和', '朱?孝', '?得', '??', '?法', '很', '?', ',', '道', ':', '「', '??', '?容', '」']",9,0,2,11,14
"['??泰', '目光', '落', '在', '?七安', '手里', '的', '文?', ',', '道', ':', '「', '??', '?容', '」']",9,0,7,11,14
"['小豆丁', '想起', '了', '自己', '前', '些', '日子', '的', '遭遇', ',', '道', ':', '「', '??', '?容', '」']",10,0,0,12,15
"['??音', '自告?勇', '的', '?', '?', '小短腿', '??', '花圃', '里', ',', '道', ':', '「', '??', '?容', '」']",10,0,0,12,15
"['?青', '也', '是', '去', '桑泊', '勘察', '?', '??', '的', ',', '道', ':', '「', '??', '?容', '」']",10,0,0,12,15
"['?七安', '把', '昨天', '的', '事', '??', '大眼睛', '姑娘', '听', ',', '道', ':', '「', '??', '?容', '」']",10,0,0,12,15
"['?七安生怕', '?', '位', '逼格??', '的', '高人', '出手', '??', '妖女', ',', '道', ':', '「', '??', '?容', '」']",10,0,5,12,15
"['褚采薇', '??法似的', '?', '鹿皮腰袋', '里', '摸出', '一', '把', '蜜?', ',', '道', ':', '「', '??', '?容', '」']",10,0,0,12,15
"['魏?', '?有', '解?', '?什么', '?党', '要', '和', '他', '??', ',', '道', ':', '「', '??', '?容', '」']",10,0,0,3,3
"['??音', '既', '害怕', '又', '向往', '的', '啄', '?', '?瓜', ',', '道', ':', '「', '??', '?容', '」']",10,0,0,12,15
"['?新年', '?', '父?', '告之', '的', '事', '复述', '了', '一', '遍', ',', '道', ':', '「', '??', '?容', '」']",11,0,0,13,16
"['被', '??玉姐姐', '的', '女子', '拉扯', '了', '一下', '她', '的', '衣袖', ',', '道', ':', '「', '??', '?容', '」']",11,0,3,13,16
"['店家', '?色', '?白', '的', '呼?', '打?', '了', '沉思', '的', '?七安', ',', '道', ':', '「', '??', '?容', '」']",11,0,4,13,16
"['一', '位', '??', '用', '刀鞘拍', '了', '一下', '宋廷?', '的', '大腿', ',', '道', ':', '「', '??', '?容', '」']",11,0,2,13,16
"['?二叔', '把', '??', '?吃', '的', '那', '只', '橘子', '?', '?去', ',', '道', ':', '「', '??', '?容', '」']",11,0,0,13,16
"['?二叔', '表示', '自己', '不', '是', '那种', '留?', '?花之', '地', '的', '人', ',', '道', ':', '「', '??', '?容', '」']",12,2,2,14,17
"['李玉春', '把', '下?', '到', '他', '?里', '的', '文?', '?', '三', '人', '看', ',', '道', ':', '「', '??', '?容', '」']",13,0,0,15,18
"['??音', '?法', '接受', '自己', '舍不得', '吃', '的', '?腿', '是', '自己', '吃掉', '的', '事?', ',', '道', ':', '「', '??', '?容', '」']",14,0,0,16,19
"['宋卿', '?', '?七安', '的', '眼神', '里', '看到', '了', '‘', '平平?奇', '’', '四', '?', '字', ',', '道', ':', '「', '??', '?容', '」']",15,0,0,17,20
"['李玉春', '看', '了', '眼', '原本', '是', '自己', '下?', '?在', '自己', '成', '了', '他', '下?', '的', '下?', ',', '道', ':', '「', '??', '?容', '」']",17,0,0,19,22
